                  epoch,         train/box_loss,         train/cls_loss,         train/dfl_loss,   metrics/precision(B),      metrics/recall(B),       metrics/mAP50(B),    metrics/mAP50-95(B),           val/box_loss,           val/cls_loss,           val/dfl_loss,                 lr/pg0,                 lr/pg1,                 lr/pg2
                      1,                 1.8234,                 4.1502,                 1.4134,                0.00053,                0.02065,                0.00042,                 0.0002,                 1.4482,                 4.1009,                 1.2017,              0.0001375,              0.0001375,              0.0001375
                      2,                 1.6185,                 3.1173,                 1.1746,                0.01142,                0.36437,                0.11058,                 0.0655,                 1.3744,                 3.6682,                 1.0962,             0.00028181,             0.00028181,             0.00028181
                      3,                 1.5865,                 2.3433,                 1.1696,                0.01734,                0.61373,                0.16437,                0.09447,                 1.4986,                   3.35,                 1.1752,             0.00042017,             0.00042017,             0.00042017
                      4,                 1.5469,                 2.1486,                 1.1068,                0.19635,                0.23421,                0.20844,                0.12254,                 1.4173,                 2.6797,                 1.1506,              0.0005526,              0.0005526,              0.0005526
                      5,                 1.4875,                 2.0159,                 1.1319,                 0.4592,                0.31462,                0.22689,                0.13894,                 1.3225,                 2.2893,                 1.1426,             0.00067909,             0.00067909,             0.00067909
